profil,vitesse_ms,angle_deg,CL,CD,pression_PSI
NACA-0012,2.1,-5,0.50828118,0,
NACA-0012,2.1,-4.5,0.51554234,0,
NACA-0012,2.1,-4,0.5228035,0,
NACA-0012,2.1,-3.5,0.53006466,0,
NACA-0012,2.1,-3,0.53732582,0,
NACA-0012,2.1,-2.5,0.54458698,0,
NACA-0012,2.1,-2,0.55184814,0,
NACA-0012,2.1,-1.5,0.5591093,0,
NACA-0012,2.1,-1,0.56637046,0,
NACA-0012,2.1,-0.5,0.57363162,0,
NACA-0012,2.1,0,0.58089278,0,
NACA-0012,2.1,0.5,0.58815394,0,
NACA-0012,2.1,1,0.5954151,0,
NACA-0012,2.1,1.5,0.60267626,0,
NACA-0012,2.1,2,0.60993741,0,
NACA-0012,2.1,2.5,0.61719857,0,
NACA-0012,2.1,3,0.62445973,0,
NACA-0012,2.1,3.5,0.63172089,0,
NACA-0012,2.1,4,0.63898205,0,
NACA-0012,2.1,4.5,0.64624321,0,
NACA-0012,2.1,5,0.65350437,0,
NACA-0012,2.1,5.5,0.66076553,0,
NACA-0012,2.1,6,0.66802669,0,
NACA-0012,2.1,6.5,0.67528785,0,
NACA-0012,2.1,7,0.68254901,0,
NACA-0012,2.1,7.5,0.68981017,0,
NACA-0012,2.1,8,0.66711905,-0.0013614674,
NACA-0012,2.1,8.5,0.64442792,-0.0027229349,
NACA-0012,2.1,9,0.6217368,-0.0040844023,
NACA-0012,2.1,9.5,0.59904568,-0.0054458698,
NACA-0012,2.1,10,0.57635455,-0.0068073372,
NACA-0012,2.1,10.5,0.55366343,-0.0081688047,
NACA-0012,2.1,11,0.5309723,-0.0095302721,
NACA-0012,2.1,11.5,0.50828118,-0.01089174,
NACA-0012,2.1,12,0.59904568,-0.01089174,
NACA-0012,2.1,12.5,0.68981017,-0.01089174,
NACA-0012,2.1,13,0.65350437,-0.01089174,
NACA-0012,2.1,13.5,0.61719857,-0.01089174,
NACA-0012,2.9,-20,,,-0.0019245375
NACA-0012,2.9,-19.5,,,-0.0019293362
NACA-0012,2.9,-19,,,-0.001934135
NACA-0012,2.9,-18.5,,,-0.0019389337
NACA-0012,2.9,-18,,,-0.0019437325
NACA-0012,2.9,-17.5,,,-0.0019485312
NACA-0012,2.9,-17,,,-0.00195333
NACA-0012,2.9,-16.5,,,-0.0019581287
NACA-0012,2.9,-16,,,-0.0019629275
NACA-0012,2.9,-15.5,,,-0.0019677262
NACA-0012,2.9,-15,,,-0.001972525
NACA-0012,2.9,-14.5,,,-0.0019773237
NACA-0012,2.9,-14,,,-0.0019821225
NACA-0012,2.9,-13.5,,,-0.0019869212
NACA-0012,2.9,-13,,,-0.00199172
NACA-0012,2.9,-12.5,,,-0.0019965187
NACA-0012,2.9,-12,,,-0.0020013175
NACA-0012,2.9,-11.5,,,-0.0020061162
NACA-0012,2.9,-11,,,-0.002010915
NACA-0012,2.9,-10.5,,,-0.0020157137
NACA-0012,2.9,-10,,,-0.0020205125
NACA-0012,2.9,-9.5,,,-0.0020194675
NACA-0012,2.9,-9,,,-0.0020184225
NACA-0012,2.9,-8.5,,,-0.0020173775
NACA-0012,2.9,-8,,,-0.0020163325
NACA-0012,2.9,-7.5,,,-0.0020152875
NACA-0012,2.9,-7,,,-0.0020142425
NACA-0012,2.9,-6.5,,,-0.0020131975
NACA-0012,2.9,-6,,,-0.0020121525
NACA-0012,2.9,-5.5,,,-0.0020111075
NACA-0012,2.9,-5,,,-0.0020100625
NACA-0012,2.9,-4.5,,,-0.002014533
NACA-0012,2.9,-4,,,-0.0020190036
NACA-0012,2.9,-3.5,,,-0.0020234741
NACA-0012,2.9,-3,,,-0.0020279446
NACA-0012,2.9,-2.5,,,-0.0020324152
NACA-0012,2.9,-2,,,-0.0020368857
NACA-0012,2.9,-1.5,,,-0.0020413563
NACA-0012,2.9,-1,,,-0.0020458268
NACA-0012,2.9,-0.5,,,-0.0020502973
NACA-0012,2.9,0,0.3807576,0,-0.0020547679
NACA-0012,2.9,0.5,0.36838298,-9.51894e-05,-0.0020819073
NACA-0012,2.9,1,0.35600836,-0.0001903788,-0.0021090468
NACA-0012,2.9,1.5,0.34363374,-0.0002855682,-0.0021361862
NACA-0012,2.9,2,0.33125911,-0.0003807576,-0.0021633257
NACA-0012,2.9,2.5,0.31888449,-0.000475947,-0.0021904652
NACA-0012,2.9,3,0.30650987,-0.0005711364,-0.0022176046
NACA-0012,2.9,3.5,0.29413525,-0.0006663258,-0.0022447441
NACA-0012,2.9,4,0.28176063,-0.0007615152,-0.0022718836
NACA-0012,2.9,4.5,0.269386,-0.0008567046,-0.002299023
NACA-0012,2.9,5,0.25701138,-0.000951894,-0.0023261625
NACA-0012,2.9,5.5,0.25605949,-0.0019989774,-0.002331055
NACA-0012,2.9,6,0.25510759,-0.0030460608,-0.0023359475
NACA-0012,2.9,6.5,0.2541557,-0.0040931442,-0.00234084
NACA-0012,2.9,7,0.2532038,-0.0051402276,-0.0023457325
NACA-0012,2.9,7.5,0.25225191,-0.006187311,-0.002350625
NACA-0012,2.9,8,0.25130002,-0.0072343944,-0.0023555175
NACA-0012,2.9,8.5,0.25034812,-0.0082814778,-0.00236041
NACA-0012,2.9,9,0.24939623,-0.0093285612,-0.0023653025
NACA-0012,2.9,9.5,0.24844433,-0.010375645,-0.002370195
NACA-0012,2.9,10,0.24749244,-0.011422728,-0.0023750875
NACA-0012,2.9,10.5,0.25034812,-0.011708296,
NACA-0012,2.9,11,0.2532038,-0.011993864,
NACA-0012,2.9,11.5,0.25605949,-0.012279433,
NACA-0012,2.9,12,0.25891517,-0.012565001,
NACA-0012,2.9,12.5,0.26177085,-0.012850569,
NACA-0012,2.9,13,0.26462653,-0.013136137,
NACA-0012,2.9,13.5,0.26748222,-0.013421705,
NACA-0012,2.9,14,0.2703379,-0.013707274,
NACA-0012,2.9,14.5,0.27319358,-0.013992842,
NACA-0012,2.9,15,0.27604926,-0.01427841,
NACA-0012,2.9,15.5,,,
NACA-0012,2.9,16,,,
NACA-0012,2.9,16.5,,,
NACA-0012,2.9,17,,,
NACA-0012,2.9,17.5,,,
NACA-0012,2.9,18,,,
NACA-0012,2.9,18.5,,,
NACA-0012,2.9,19,,,
NACA-0012,2.9,19.5,,,
NACA-0012,2.9,20,,,-0.002438125
NACA-0012,5.2,-5,0.0473694,-0.003552705,
NACA-0012,5.2,-4.5,0.052343187,-0.0036000744,
NACA-0012,5.2,-4,0.057316974,-0.0036474438,
NACA-0012,5.2,-3.5,0.062290761,-0.0036948132,
NACA-0012,5.2,-3,0.067264548,-0.0037421826,
NACA-0012,5.2,-2.5,0.072238335,-0.003789552,
NACA-0012,5.2,-2,0.077212122,-0.0038369214,
NACA-0012,5.2,-1.5,0.082185909,-0.0038842908,
NACA-0012,5.2,-1,0.087159696,-0.0039316602,
NACA-0012,5.2,-0.5,0.092133483,-0.0039790296,
NACA-0012,5.2,0,0.09710727,-0.004026399,
NACA-0012,5.2,0.5,0.10208106,-0.0040737684,
NACA-0012,5.2,1,0.10705484,-0.0041211378,
NACA-0012,5.2,1.5,0.11202863,-0.0041685072,
NACA-0012,5.2,2,0.11700242,-0.0042158766,
NACA-0012,5.2,2.5,0.1219762,-0.004263246,
NACA-0012,5.2,3,0.12694999,-0.0043106154,
NACA-0012,5.2,3.5,0.13192378,-0.0043579848,
NACA-0012,5.2,4,0.13689757,-0.0044053542,
NACA-0012,5.2,4.5,0.14187135,-0.0044527236,
NACA-0012,5.2,5,0.14684514,-0.004500093,
NACA-0012,5.2,5.5,0.15181893,-0.0045474624,
NACA-0012,5.2,6,0.15679271,-0.0045948318,
NACA-0012,5.2,6.5,0.1617665,-0.0046422012,
NACA-0012,5.2,7,0.16674029,-0.0046895706,
NACA-0012,5.2,7.5,0.17171407,-0.00473694,
NACA-0012,5.2,8,0.16653305,-0.005921175,
NACA-0012,5.2,8.5,0.16135202,-0.00710541,
NACA-0012,5.2,9,0.15617099,-0.008289645,
NACA-0012,5.2,9.5,0.15098996,-0.00947388,
NACA-0012,5.2,10,0.14580893,-0.010658115,
NACA-0012,5.2,10.5,0.14062791,-0.01184235,
NACA-0012,5.2,11,0.13544688,-0.013026585,
NACA-0012,5.2,11.5,0.13026585,-0.01421082,
NACA-0012,5.2,12,0.1421082,-0.014506879,
NACA-0012,5.2,12.5,0.15395055,-0.014802937,
NACA-0012,5.2,13,0.15395055,-0.015098996,
NACA-0012,5.2,13.5,0.15395055,-0.015395055,
NACA-0012,5.9,-20,,,-0.0037889875
NACA-0012,5.9,-19.5,,,-0.003788045
NACA-0012,5.9,-19,,,-0.0037871025
NACA-0012,5.9,-18.5,,,-0.00378616
NACA-0012,5.9,-18,,,-0.0037852175
NACA-0012,5.9,-17.5,,,-0.003784275
NACA-0012,5.9,-17,,,-0.0037833325
NACA-0012,5.9,-16.5,,,-0.00378239
NACA-0012,5.9,-16,,,-0.0037814475
NACA-0012,5.9,-15.5,,,-0.003780505
NACA-0012,5.9,-15,,,-0.0037795625
NACA-0012,5.9,-14.5,,,-0.00377862
NACA-0012,5.9,-14,,,-0.0037776775
NACA-0012,5.9,-13.5,,,-0.003776735
NACA-0012,5.9,-13,,,-0.0037757925
NACA-0012,5.9,-12.5,,,-0.00377485
NACA-0012,5.9,-12,,,-0.0037739075
NACA-0012,5.9,-11.5,,,-0.003772965
NACA-0012,5.9,-11,,,-0.0037720225
NACA-0012,5.9,-10.5,,,-0.00377108
NACA-0012,5.9,-10,,,-0.0037701375
NACA-0012,5.9,-9.5,,,-0.003774285
NACA-0012,5.9,-9,,,-0.0037784325
NACA-0012,5.9,-8.5,,,-0.00378258
NACA-0012,5.9,-8,,,-0.0037867275
NACA-0012,5.9,-7.5,,,-0.003790875
NACA-0012,5.9,-7,,,-0.0037950225
NACA-0012,5.9,-6.5,,,-0.00379917
NACA-0012,5.9,-6,,,-0.0038033175
NACA-0012,5.9,-5.5,,,-0.003807465
NACA-0012,5.9,-5,,,-0.0038116125
NACA-0012,5.9,-4.5,,,-0.0038653337
NACA-0012,5.9,-4,,,-0.003919055
NACA-0012,5.9,-3.5,,,-0.0039727762
NACA-0012,5.9,-3,,,-0.0040264975
NACA-0012,5.9,-2.5,,,-0.0040802187
NACA-0012,5.9,-2,,,-0.00413394
NACA-0012,5.9,-1.5,,,-0.0041876612
NACA-0012,5.9,-1,,,-0.0042413825
NACA-0012,5.9,-0.5,,,-0.0042951037
NACA-0012,5.9,0,0.087390487,-0.0022997497,-0.004348825
NACA-0012,5.9,0.5,0.089460262,-0.0022997497,-0.0044367943
NACA-0012,5.9,1,0.091530037,-0.0022997497,-0.0045247636
NACA-0012,5.9,1.5,0.093599811,-0.0022997497,-0.0046127329
NACA-0012,5.9,2,0.095669586,-0.0022997497,-0.0047007021
NACA-0012,5.9,2.5,0.097739361,-0.0022997497,-0.0047886714
NACA-0012,5.9,3,0.099809135,-0.0022997497,-0.0048766407
NACA-0012,5.9,3.5,0.10187891,-0.0022997497,-0.00496461
NACA-0012,5.9,4,0.10394868,-0.0022997497,-0.0050525793
NACA-0012,5.9,4.5,0.10601846,-0.0022997497,-0.0051405486
NACA-0012,5.9,5,0.10808823,-0.0022997497,-0.0052285179
NACA-0012,5.9,5.5,0.10785826,-0.0034496245,-0.0053187723
NACA-0012,5.9,6,0.10762828,-0.0045994993,-0.0054090268
NACA-0012,5.9,6.5,0.10739831,-0.0057493742,-0.0054992813
NACA-0012,5.9,7,0.10716833,-0.006899249,-0.0055895357
NACA-0012,5.9,7.5,0.10693836,-0.0080491238,-0.0056797902
NACA-0012,5.9,8,0.10670838,-0.0091989986,-0.0057700446
NACA-0012,5.9,8.5,0.10647841,-0.010348873,-0.0058602991
NACA-0012,5.9,9,0.10624843,-0.011498748,-0.0059505536
NACA-0012,5.9,9.5,0.10601846,-0.012648623,-0.006040808
NACA-0012,5.9,10,0.10578848,-0.013798498,-0.0061310625
NACA-0012,5.9,10.5,0.10670838,-0.01432744,
NACA-0012,5.9,11,0.10762828,-0.014856383,
NACA-0012,5.9,11.5,0.10854818,-0.015385325,
NACA-0012,5.9,12,0.10946808,-0.015914268,
NACA-0012,5.9,12.5,0.11038798,-0.01644321,
NACA-0012,5.9,13,0.11130788,-0.016972153,
NACA-0012,5.9,13.5,0.11222778,-0.017501095,
NACA-0012,5.9,14,0.11314768,-0.018030037,
NACA-0012,5.9,14.5,0.11406758,-0.01855898,
NACA-0012,5.9,15,0.11498748,-0.019087922,
NACA-0012,5.9,15.5,,,
NACA-0012,5.9,16,,,
NACA-0012,5.9,16.5,,,
NACA-0012,5.9,17,,,
NACA-0012,5.9,17.5,,,
NACA-0012,5.9,18,,,
NACA-0012,5.9,18.5,,,
NACA-0012,5.9,19,,,
NACA-0012,5.9,19.5,,,
NACA-0012,5.9,20,,,-0.0056852708
NACA-0012,8.2,-5,0,-0.003571726,
NACA-0012,8.2,-4.5,0.0044765633,-0.003571726,
NACA-0012,8.2,-4,0.0089531265,-0.003571726,
NACA-0012,8.2,-3.5,0.01342969,-0.003571726,
NACA-0012,8.2,-3,0.017906253,-0.003571726,
NACA-0012,8.2,-2.5,0.022382816,-0.003571726,
NACA-0012,8.2,-2,0.02685938,-0.003571726,
NACA-0012,8.2,-1.5,0.031335943,-0.003571726,
NACA-0012,8.2,-1,0.035812506,-0.003571726,
NACA-0012,8.2,-0.5,0.040289069,-0.003571726,
NACA-0012,8.2,0,0.044765633,-0.003571726,
NACA-0012,8.2,0.5,0.049242196,-0.003571726,
NACA-0012,8.2,1,0.053718759,-0.003571726,
NACA-0012,8.2,1.5,0.058195323,-0.003571726,
NACA-0012,8.2,2,0.062671886,-0.003571726,
NACA-0012,8.2,2.5,0.067148449,-0.003571726,
NACA-0012,8.2,3,0.071625012,-0.003571726,
NACA-0012,8.2,3.5,0.076101576,-0.003571726,
NACA-0012,8.2,4,0.080578139,-0.003571726,
NACA-0012,8.2,4.5,0.085054702,-0.003571726,
NACA-0012,8.2,5,0.089531265,-0.003571726,
NACA-0012,8.2,5.5,0.094007829,-0.003571726,
NACA-0012,8.2,6,0.098484392,-0.003571726,
NACA-0012,8.2,6.5,0.10296096,-0.003571726,
NACA-0012,8.2,7,0.10743752,-0.003571726,
NACA-0012,8.2,7.5,0.11191408,-0.003571726,
NACA-0012,8.2,8,0.10804471,-0.0049408877,
NACA-0012,8.2,8.5,0.10417534,-0.0063100493,
NACA-0012,8.2,9,0.10030597,-0.0076792109,
NACA-0012,8.2,9.5,0.096436602,-0.0090483726,
NACA-0012,8.2,10,0.092567233,-0.010417534,
NACA-0012,8.2,10.5,0.088697863,-0.011786696,
NACA-0012,8.2,11,0.084828493,-0.013155857,
NACA-0012,8.2,11.5,0.080959123,-0.014525019,
NACA-0012,8.2,12,0.090483726,-0.015239364,
NACA-0012,8.2,12.5,0.10000833,-0.01595371,
NACA-0012,8.2,13,0.098817753,-0.016191825,
NACA-0012,8.2,13.5,0.097627178,-0.01642994,
NACA-0012,8.9,-20,,,-0.0067205
NACA-0012,8.9,-19.5,,,-0.0067176688
NACA-0012,8.9,-19,,,-0.0067148375
NACA-0012,8.9,-18.5,,,-0.0067120063
NACA-0012,8.9,-18,,,-0.006709175
NACA-0012,8.9,-17.5,,,-0.0067063437
NACA-0012,8.9,-17,,,-0.0067035125
NACA-0012,8.9,-16.5,,,-0.0067006812
NACA-0012,8.9,-16,,,-0.00669785
NACA-0012,8.9,-15.5,,,-0.0066950188
NACA-0012,8.9,-15,,,-0.0066921875
NACA-0012,8.9,-14.5,,,-0.0066893562
NACA-0012,8.9,-14,,,-0.006686525
NACA-0012,8.9,-13.5,,,-0.0066836937
NACA-0012,8.9,-13,,,-0.0066808625
NACA-0012,8.9,-12.5,,,-0.0066780312
NACA-0012,8.9,-12,,,-0.0066752
NACA-0012,8.9,-11.5,,,-0.0066723687
NACA-0012,8.9,-11,,,-0.0066695375
NACA-0012,8.9,-10.5,,,-0.0066667062
NACA-0012,8.9,-10,,,-0.006663875
NACA-0012,8.9,-9.5,,,-0.0066800363
NACA-0012,8.9,-9,,,-0.0066961975
NACA-0012,8.9,-8.5,,,-0.0067123587
NACA-0012,8.9,-8,,,-0.00672852
NACA-0012,8.9,-7.5,,,-0.0067446813
NACA-0012,8.9,-7,,,-0.0067608425
NACA-0012,8.9,-6.5,,,-0.0067770037
NACA-0012,8.9,-6,,,-0.006793165
NACA-0012,8.9,-5.5,,,-0.0068093263
NACA-0012,8.9,-5,,,-0.0068254875
NACA-0012,8.9,-4.5,,,-0.0069714638
NACA-0012,8.9,-4,,,-0.00711744
NACA-0012,8.9,-3.5,,,-0.0072634162
NACA-0012,8.9,-3,,,-0.0074093925
NACA-0012,8.9,-2.5,,,-0.0075553687
NACA-0012,8.9,-2,,,-0.007701345
NACA-0012,8.9,-1.5,,,-0.0078473212
NACA-0012,8.9,-1,,,-0.0079932975
NACA-0012,8.9,-0.5,,,-0.0081392737
NACA-0012,8.9,0,0.047500965,-0.0021223835,-0.00828525
NACA-0012,8.9,0.5,0.050836139,-0.0021527033,-0.0084732412
NACA-0012,8.9,1,0.054171313,-0.0021830231,-0.0086612325
NACA-0012,8.9,1.5,0.057506487,-0.0022133428,-0.0088492237
NACA-0012,8.9,2,0.060841661,-0.0022436626,-0.009037215
NACA-0012,8.9,2.5,0.064176836,-0.0022739824,-0.0092252062
NACA-0012,8.9,3,0.06751201,-0.0023043021,-0.0094131975
NACA-0012,8.9,3.5,0.070847184,-0.0023346219,-0.0096011887
NACA-0012,8.9,4,0.074182358,-0.0023649417,-0.00978918
NACA-0012,8.9,4.5,0.077517532,-0.0023952614,-0.0099771712
NACA-0012,8.9,5,0.080852706,-0.0024255812,-0.010165162
NACA-0012,8.9,5.5,0.081054838,-0.0036181586,-0.010377616
NACA-0012,8.9,6,0.08125697,-0.004810736,-0.01059007
NACA-0012,8.9,6.5,0.081459101,-0.0060033134,-0.010802523
NACA-0012,8.9,7,0.081661233,-0.0071958909,-0.011014977
NACA-0012,8.9,7.5,0.081863365,-0.0083884683,-0.01122743
NACA-0012,8.9,8,0.082065497,-0.0095810457,-0.011439884
NACA-0012,8.9,8.5,0.082267629,-0.010773623,-0.011652337
NACA-0012,8.9,9,0.08246976,-0.011966201,-0.011864791
NACA-0012,8.9,9.5,0.082671892,-0.013158778,-0.012077244
NACA-0012,8.9,10,0.082874024,-0.014351355,-0.012289698
NACA-0012,8.9,10.5,0.083682551,-0.014866791,
NACA-0012,8.9,11,0.084491078,-0.015382227,
NACA-0012,8.9,11.5,0.085299605,-0.015897663,
NACA-0012,8.9,12,0.086108132,-0.016413099,
NACA-0012,8.9,12.5,0.086916659,-0.016928535,
NACA-0012,8.9,13,0.087725186,-0.017443971,
NACA-0012,8.9,13.5,0.088533713,-0.017959407,
NACA-0012,8.9,14,0.08934224,-0.018474843,
NACA-0012,8.9,14.5,0.090150767,-0.018990279,
NACA-0012,8.9,15,0.090959294,-0.019505715,
NACA-0012,8.9,15.5,,,
NACA-0012,8.9,16,,,
NACA-0012,8.9,16.5,,,
NACA-0012,8.9,17,,,
NACA-0012,8.9,17.5,,,
NACA-0012,8.9,18,,,
NACA-0012,8.9,18.5,,,
NACA-0012,8.9,19,,,
NACA-0012,8.9,19.5,,,
NACA-0012,8.9,20,,,-0.011148625
NACA-0012,11.2,-5,-0.015316509,-0.0033185769,
NACA-0012,11.2,-4.5,-0.010874721,-0.0033185769,
NACA-0012,11.2,-4,-0.0064329337,-0.0033185769,
NACA-0012,11.2,-3.5,-0.0019911461,-0.0033185769,
NACA-0012,11.2,-3,0.0024506414,-0.0033185769,
NACA-0012,11.2,-2.5,0.0068924289,-0.0033185769,
NACA-0012,11.2,-2,0.011334216,-0.0033185769,
NACA-0012,11.2,-1.5,0.015776004,-0.0033185769,
NACA-0012,11.2,-1,0.020217792,-0.0033185769,
NACA-0012,11.2,-0.5,0.024659579,-0.0033185769,
NACA-0012,11.2,0,0.029101367,-0.0033185769,
NACA-0012,11.2,0.5,0.033543154,-0.0033185769,
NACA-0012,11.2,1,0.037984942,-0.0033185769,
NACA-0012,11.2,1.5,0.042426729,-0.0033185769,
NACA-0012,11.2,2,0.046868517,-0.0033185769,
NACA-0012,11.2,2.5,0.051310304,-0.0033185769,
NACA-0012,11.2,3,0.055752092,-0.0033185769,
NACA-0012,11.2,3.5,0.060193879,-0.0033185769,
NACA-0012,11.2,4,0.064635667,-0.0033185769,
NACA-0012,11.2,4.5,0.069077454,-0.0033185769,
NACA-0012,11.2,5,0.073519242,-0.0033185769,
NACA-0012,11.2,5.5,0.07796103,-0.0033185769,
NACA-0012,11.2,6,0.082402817,-0.0033185769,
NACA-0012,11.2,6.5,0.086844605,-0.0033185769,
NACA-0012,11.2,7,0.091286392,-0.0033185769,
NACA-0012,11.2,7.5,0.09572818,-0.0033185769,
NACA-0012,11.2,8,0.093494522,-0.0048342731,
NACA-0012,11.2,8.5,0.091260865,-0.0063499693,
NACA-0012,11.2,9,0.089027207,-0.0078656654,
NACA-0012,11.2,9.5,0.08679355,-0.0093813616,
NACA-0012,11.2,10,0.084559892,-0.010897058,
NACA-0012,11.2,10.5,0.082326235,-0.012412754,
NACA-0012,11.2,11,0.080092577,-0.01392845,
NACA-0012,11.2,11.5,0.077858919,-0.015444146,
NACA-0012,11.2,12,0.078497107,-0.015635603,
NACA-0012,11.2,12.5,0.079135295,-0.015827059,
NACA-0012,11.2,13,0.079135295,-0.016337609,
NACA-0012,11.2,13.5,0.079135295,-0.01684816,
NACA-0012,12,-20,,,-0.010328513
NACA-0012,12,-19.5,,,-0.010336824
NACA-0012,12,-19,,,-0.010345136
NACA-0012,12,-18.5,,,-0.010353448
NACA-0012,12,-18,,,-0.01036176
NACA-0012,12,-17.5,,,-0.010370072
NACA-0012,12,-17,,,-0.010378384
NACA-0012,12,-16.5,,,-0.010386696
NACA-0012,12,-16,,,-0.010395008
NACA-0012,12,-15.5,,,-0.010403319
NACA-0012,12,-15,,,-0.010411631
NACA-0012,12,-14.5,,,-0.010419943
NACA-0012,12,-14,,,-0.010428255
NACA-0012,12,-13.5,,,-0.010436567
NACA-0012,12,-13,,,-0.010444879
NACA-0012,12,-12.5,,,-0.010453191
NACA-0012,12,-12,,,-0.010461503
NACA-0012,12,-11.5,,,-0.010469814
NACA-0012,12,-11,,,-0.010478126
NACA-0012,12,-10.5,,,-0.010486438
NACA-0012,12,-10,,,-0.01049475
NACA-0012,12,-9.5,,,-0.010506726
NACA-0012,12,-9,,,-0.010518703
NACA-0012,12,-8.5,,,-0.010530679
NACA-0012,12,-8,,,-0.010542655
NACA-0012,12,-7.5,,,-0.010554631
NACA-0012,12,-7,,,-0.010566608
NACA-0012,12,-6.5,,,-0.010578584
NACA-0012,12,-6,,,-0.01059056
NACA-0012,12,-5.5,,,-0.010602536
NACA-0012,12,-5,,,-0.010614513
NACA-0012,12,-4.5,,,-0.010855869
NACA-0012,12,-4,,,-0.011097225
NACA-0012,12,-3.5,,,-0.011338581
NACA-0012,12,-3,,,-0.011579937
NACA-0012,12,-2.5,,,-0.011821293
NACA-0012,12,-2,,,-0.012062649
NACA-0012,12,-1.5,,,-0.012304005
NACA-0012,12,-1,,,-0.012545361
NACA-0012,12,-0.5,,,-0.012786717
NACA-0012,12,0,0.03724748,-0.0021681369,-0.013028073
NACA-0012,12,0.5,0.040749855,-0.0021959335,-0.013415328
NACA-0012,12,1,0.04425223,-0.0022237302,-0.013802583
NACA-0012,12,1.5,0.047754605,-0.0022515268,-0.014189839
NACA-0012,12,2,0.05125698,-0.0022793234,-0.014577094
NACA-0012,12,2.5,0.054759355,-0.00230712,-0.014964349
NACA-0012,12,3,0.05826173,-0.0023349167,-0.015351604
NACA-0012,12,3.5,0.061764105,-0.0023627133,-0.015738859
NACA-0012,12,4,0.06526648,-0.0023905099,-0.016126115
NACA-0012,12,4.5,0.068768855,-0.0024183065,-0.01651337
NACA-0012,12,5,0.07227123,-0.0024461032,-0.016900625
NACA-0012,12,5.5,0.073105129,-0.0036191208,-0.017346851
NACA-0012,12,6,0.073939028,-0.0047921385,-0.017793077
NACA-0012,12,6.5,0.074772927,-0.0059651562,-0.018239303
NACA-0012,12,7,0.075606825,-0.0071381738,-0.018685529
NACA-0012,12,7.5,0.076440724,-0.0083111915,-0.019131755
NACA-0012,12,8,0.077274623,-0.0094842091,-0.019577981
NACA-0012,12,8.5,0.078108522,-0.010657227,-0.020024207
NACA-0012,12,9,0.078942421,-0.011830244,-0.020470433
NACA-0012,12,9.5,0.079776319,-0.013003262,-0.020916659
NACA-0012,12,10,0.080610218,-0.01417628,-0.021362885
NACA-0012,12,10.5,,,-0.019306449
NACA-0012,12,11,,,-0.017250013
NACA-0012,12,11.5,,,
NACA-0012,12,12,,,
NACA-0012,12,12.5,,,
NACA-0012,12,13,,,
NACA-0012,12,13.5,,,
NACA-0012,12,14,,,
NACA-0012,12,14.5,,,
NACA-0012,12,15,0.077274623,-0.019513232,
NACA-0012,12,15.5,,,
NACA-0012,12,16,,,
NACA-0012,12,16.5,,,
NACA-0012,12,17,,,
NACA-0012,12,17.5,,,
NACA-0012,12,18,,,
NACA-0012,12,18.5,,,
NACA-0012,12,19,,,
NACA-0012,12,19.5,,,
NACA-0012,12,20,,,-0.018445975
NACA-0012,14.2,-5,-0.024614986,-0.0031761272,
NACA-0012,14.2,-4.5,-0.020136646,-0.0031729511,
NACA-0012,14.2,-4,-0.015658307,-0.0031697749,
NACA-0012,14.2,-3.5,-0.011179968,-0.0031665988,
NACA-0012,14.2,-3,-0.0067016284,-0.0031634227,
NACA-0012,14.2,-2.5,-0.002223289,-0.0031602465,
NACA-0012,14.2,-2,0.0022550503,-0.0031570704,
NACA-0012,14.2,-1.5,0.0067333896,-0.0031538943,
NACA-0012,14.2,-1,0.011211729,-0.0031507182,
NACA-0012,14.2,-0.5,0.015690068,-0.003147542,
NACA-0012,14.2,0,0.020168408,-0.0031443659,
NACA-0012,14.2,0.5,0.024646747,-0.0031411898,
NACA-0012,14.2,1,0.029125086,-0.0031380137,
NACA-0012,14.2,1.5,0.033603426,-0.0031348375,
NACA-0012,14.2,2,0.038081765,-0.0031316614,
NACA-0012,14.2,2.5,0.042560104,-0.0031284853,
NACA-0012,14.2,3,0.047038444,-0.0031253092,
NACA-0012,14.2,3.5,0.051516783,-0.003122133,
NACA-0012,14.2,4,0.055995122,-0.0031189569,
NACA-0012,14.2,4.5,0.060473462,-0.0031157808,
NACA-0012,14.2,5,0.064951801,-0.0031126046,
NACA-0012,14.2,5.5,0.06943014,-0.0031094285,
NACA-0012,14.2,6,0.07390848,-0.0031062524,
NACA-0012,14.2,6.5,0.078386819,-0.0031030763,
NACA-0012,14.2,7,0.082865158,-0.0030999001,
NACA-0012,14.2,7.5,0.087343498,-0.003096724,
NACA-0012,14.2,8,0.085854688,-0.0046649368,
NACA-0012,14.2,8.5,0.084365878,-0.0062331496,
NACA-0012,14.2,9,0.082877069,-0.0078013624,
NACA-0012,14.2,9.5,0.081388259,-0.0093695752,
NACA-0012,14.2,10,0.07989945,-0.010937788,
NACA-0012,14.2,10.5,0.07841064,-0.012506001,
NACA-0012,14.2,11,0.07692183,-0.014074214,
NACA-0012,14.2,11.5,0.075433021,-0.015642426,
NACA-0012,14.2,12,0.079006164,-0.016198249,
NACA-0012,14.2,12.5,0.082579307,-0.016754071,
NACA-0012,14.2,13,0.080991243,-0.017111385,
NACA-0012,14.2,13.5,0.07940318,-0.0174687,
NACA-0012,15,0,0.027752152,-0.0020636216,
NACA-0012,15,0.5,0.031808236,-0.0020920853,
NACA-0012,15,1,0.03586432,-0.0021205491,
NACA-0012,15,1.5,0.039920404,-0.0021490128,
NACA-0012,15,2,0.043976488,-0.0021774766,
NACA-0012,15,2.5,0.048032571,-0.0022059403,
NACA-0012,15,3,0.052088655,-0.0022344041,
NACA-0012,15,3.5,0.056144739,-0.0022628678,
NACA-0012,15,4,0.060200823,-0.0022913316,
NACA-0012,15,4.5,0.064256907,-0.0023197953,
NACA-0012,15,5,0.06831299,-0.002348259,
NACA-0012,15,5.5,0.069593859,-0.0036077798,
NACA-0012,15,6,0.070874728,-0.0048673006,
NACA-0012,15,6.5,0.072155596,-0.0061268213,
NACA-0012,15,7,0.073436465,-0.0073863421,
NACA-0012,15,7.5,0.074717333,-0.0086458629,
NACA-0012,15,8,0.075998202,-0.0099053836,
NACA-0012,15,8.5,0.07727907,-0.011164904,
NACA-0012,15,9,0.078559939,-0.012424425,
NACA-0012,15,9.5,0.079840808,-0.013683946,
NACA-0012,15,10,0.081121676,-0.014943467,
NACA-0012,15,10.5,0.080765879,-0.015466488,
NACA-0012,15,11,0.080410083,-0.015989509,
NACA-0012,15,11.5,0.080054286,-0.016512531,
NACA-0012,15,12,0.079698489,-0.017035552,
NACA-0012,15,12.5,0.079342692,-0.017558573,
NACA-0012,15,13,0.078986895,-0.018081595,
NACA-0012,15,13.5,0.078631098,-0.018604616,
NACA-0012,15,14,0.078275302,-0.019127637,
NACA-0012,15,14.5,0.077919505,-0.019650659,
NACA-0012,15,15,0.077563708,-0.02017368,
NACA-0012,17.3,5,0.065800242,-0.0023003336,
NACA-0012,17.3,5.5,0.066816668,-0.0035200454,
NACA-0012,17.3,6,0.067833095,-0.0047397572,
NACA-0012,17.3,6.5,0.068849521,-0.005959469,
NACA-0012,17.3,7,0.069865948,-0.0071791808,
NACA-0012,17.3,7.5,0.070882374,-0.0083988926,
NACA-0012,17.3,8,0.0718988,-0.0096186044,
NACA-0012,17.3,8.5,0.072915227,-0.010838316,
NACA-0012,17.3,9,0.073931653,-0.012058028,
NACA-0012,17.3,9.5,0.07494808,-0.01327774,
NACA-0012,17.3,10,0.075964506,-0.014497452,
NACA-0012,18,-5,-0.032120547,-0.0031132222,
NACA-0012,18,-4.5,-0.027534721,-0.0031072923,
NACA-0012,18,-4,-0.022948895,-0.0031013623,
NACA-0012,18,-3.5,-0.018363069,-0.0030954324,
NACA-0012,18,-3,-0.013777244,-0.0030895024,
NACA-0012,18,-2.5,-0.009191418,-0.0030835725,
NACA-0012,18,-2,-0.0046055922,-0.0030776425,
NACA-0012,18,-1.5,-1.976649e-05,-0.0030717126,
NACA-0012,18,-1,0.0045660593,-0.0030657826,
NACA-0012,18,-0.5,0.009151885,-0.0030598527,
NACA-0012,18,0,0.013737711,-0.0030539228,
NACA-0012,18,0.5,0.018323537,-0.0030479928,
NACA-0012,18,1,0.022909362,-0.0030420629,
NACA-0012,18,1.5,0.027495188,-0.0030361329,
NACA-0012,18,2,0.032081014,-0.003030203,
NACA-0012,18,2.5,0.03666684,-0.003024273,
NACA-0012,18,3,0.041252665,-0.0030183431,
NACA-0012,18,3.5,0.045838491,-0.0030124131,
NACA-0012,18,4,0.050424317,-0.0030064832,
NACA-0012,18,4.5,0.055010143,-0.0030005532,
NACA-0012,18,5,0.059595968,-0.0029946233,
NACA-0012,18,5.5,0.064181794,-0.0029886933,
NACA-0012,18,6,0.06876762,-0.0029827634,
NACA-0012,18,6.5,0.073353446,-0.0029768334,
NACA-0012,18,7,0.077939271,-0.0029709035,
NACA-0012,18,7.5,0.082525097,-0.0029649735,
NACA-0012,18,8,0.081722083,-0.0045339387,
NACA-0012,18,8.5,0.08091907,-0.0061029039,
NACA-0012,18,9,0.080116056,-0.007671869,
NACA-0012,18,9.5,0.079313042,-0.0092408342,
NACA-0012,18,10,0.078510029,-0.010809799,
NACA-0012,18,10.5,0.077707015,-0.012378765,
NACA-0012,18,11,0.076904001,-0.01394773,
NACA-0012,18,11.5,0.076100988,-0.015516695,
NACA-0012,18,12,0.072888933,-0.016183814,
NACA-0012,18,12.5,0.069676878,-0.016850933,
NACA-0012,18,13,0.073136014,-0.016999182,
NACA-0012,18,13.5,0.07659515,-0.01714743,
NACA-4412,0.6,-10,,,-0.0013921125
NACA-4412,0.6,-9.5,,,-0.0013905475
NACA-4412,0.6,-9,,,-0.0013889825
NACA-4412,0.6,-8.5,,,-0.0013874175
NACA-4412,0.6,-8,,,-0.0013858525
NACA-4412,0.6,-7.5,,,-0.0013842875
NACA-4412,0.6,-7,,,-0.0013827225
NACA-4412,0.6,-6.5,,,-0.0013811575
NACA-4412,0.6,-6,,,-0.0013795925
NACA-4412,0.6,-5.5,,,-0.0013780275
NACA-4412,0.6,-5,,,-0.0013764625
NACA-4412,0.6,-4.5,,,-0.0013782625
NACA-4412,0.6,-4,,,-0.0013800625
NACA-4412,0.6,-3.5,,,-0.0013818625
NACA-4412,0.6,-3,,,-0.0013836625
NACA-4412,0.6,-2.5,,,-0.0013854625
NACA-4412,0.6,-2,,,-0.0013872625
NACA-4412,0.6,-1.5,,,-0.0013890625
NACA-4412,0.6,-1,,,-0.0013908625
NACA-4412,0.6,-0.5,,,-0.0013926625
NACA-4412,0.6,0,,,-0.0013944625
NACA-4412,0.6,0.5,,,-0.0013893979
NACA-4412,0.6,1,,,-0.0013843333
NACA-4412,0.6,1.5,,,-0.0013792687
NACA-4412,0.6,2,,,-0.0013742042
NACA-4412,0.6,2.5,,,-0.0013691396
NACA-4412,0.6,3,,,-0.001364075
NACA-4412,0.6,3.5,,,-0.0013562021
NACA-4412,0.6,4,,,-0.0013483292
NACA-4412,0.6,4.5,,,-0.0013404562
NACA-4412,0.6,5,,,-0.0013325833
NACA-4412,0.6,5.5,,,-0.0013247104
NACA-4412,0.6,6,,,-0.0013168375
NACA-4412,0.6,6.5,,,-0.0013276292
NACA-4412,0.6,7,,,-0.0013384208
NACA-4412,0.6,7.5,,,-0.0013492125
NACA-4412,0.6,8,,,-0.0013600042
NACA-4412,0.6,8.5,,,-0.0013707958
NACA-4412,0.6,9,,,-0.0013815875
NACA-4412,0.6,9.5,,,-0.0013791059
NACA-4412,0.6,10,,,-0.0013766243
NACA-4412,0.6,10.5,,,-0.0013741427
NACA-4412,0.6,11,,,-0.0013716611
NACA-4412,0.6,11.5,,,-0.0013691795
NACA-4412,0.6,12,,,-0.0013666979
NACA-4412,0.6,12.5,,,-0.001369842
NACA-4412,0.6,13,,,-0.0013729861
NACA-4412,0.6,13.5,,,-0.0013761302
NACA-4412,0.6,14,,,-0.0013792743
NACA-4412,0.6,14.5,,,-0.0013824184
NACA-4412,0.6,15,,,-0.0013855625
NACA-4412,0.6,15.5,,,-0.00138712
NACA-4412,0.6,16,,,-0.0013886775
NACA-4412,0.6,16.5,,,-0.001390235
NACA-4412,0.6,17,,,-0.0013917925
NACA-4412,0.6,17.5,,,-0.00139335
NACA-4412,0.6,18,,,-0.0013949075
NACA-4412,0.6,18.5,,,-0.001396465
NACA-4412,0.6,19,,,-0.0013980225
NACA-4412,0.6,19.5,,,-0.00139958
NACA-4412,0.6,20,,,-0.0014011375
NACA-4412,2.1,-15,,,-0.0017366625
NACA-4412,2.1,-14.5,,,-0.0017454748
NACA-4412,2.1,-14,,,-0.0017542871
NACA-4412,2.1,-13.5,,,-0.0017630995
NACA-4412,2.1,-13,,,-0.0017719118
NACA-4412,2.1,-12.5,,,-0.0017807241
NACA-4412,2.1,-12,,,-0.0017895364
NACA-4412,2.1,-11.5,,,-0.0017983487
NACA-4412,2.1,-11,,,-0.0018071611
NACA-4412,2.1,-10.5,,,-0.0018159734
NACA-4412,2.1,-10,,,-0.0018247857
NACA-4412,2.1,-9.5,,,-0.0018221246
NACA-4412,2.1,-9,,,-0.0018194636
NACA-4412,2.1,-8.5,,,-0.0018168025
NACA-4412,2.1,-8,,,-0.0018141414
NACA-4412,2.1,-7.5,,,-0.0018114804
NACA-4412,2.1,-7,,,-0.0018088193
NACA-4412,2.1,-6.5,,,-0.0018061582
NACA-4412,2.1,-6,,,-0.0018034971
NACA-4412,2.1,-5.5,,,-0.0018008361
NACA-4412,2.1,-5,,,-0.001798175
NACA-4412,2.1,-4.5,,,-0.001795471
NACA-4412,2.1,-4,,,-0.0017927671
NACA-4412,2.1,-3.5,,,-0.0017900631
NACA-4412,2.1,-3,,,-0.0017873592
NACA-4412,2.1,-2.5,,,-0.0017846552
NACA-4412,2.1,-2,,,-0.0017819513
NACA-4412,2.1,-1.5,,,-0.0017792473
NACA-4412,2.1,-1,,,-0.0017765433
NACA-4412,2.1,-0.5,,,-0.0017738394
NACA-4412,2.1,0,,,-0.0017711354
NACA-4412,2.1,0.5,,,-0.0017738233
NACA-4412,2.1,1,,,-0.0017765111
NACA-4412,2.1,1.5,,,-0.001779199
NACA-4412,2.1,2,,,-0.0017818868
NACA-4412,2.1,2.5,,,-0.0017845747
NACA-4412,2.1,3,,,-0.0017872625
NACA-4412,2.1,3.5,,,-0.0017845747
NACA-4412,2.1,4,,,-0.0017818868
NACA-4412,2.1,4.5,,,-0.001779199
NACA-4412,2.1,5,,,-0.0017765111
NACA-4412,2.1,5.5,,,-0.0017738233
NACA-4412,2.1,6,,,-0.0017711354
NACA-4412,2.1,6.5,,,-0.0017770885
NACA-4412,2.1,7,,,-0.0017830417
NACA-4412,2.1,7.5,,,-0.0017889948
NACA-4412,2.1,8,,,-0.0017949479
NACA-4412,2.1,8.5,,,-0.001800901
NACA-4412,2.1,9,,,-0.0018068542
NACA-4412,2.1,9.5,,,-0.0018087726
NACA-4412,2.1,10,,,-0.001810691
NACA-4412,2.1,10.5,,,-0.0018126094
NACA-4412,2.1,11,,,-0.0018145278
NACA-4412,2.1,11.5,,,-0.0018164462
NACA-4412,2.1,12,,,-0.0018183646
NACA-4412,2.1,12.5,,,-0.0018103205
NACA-4412,2.1,13,,,-0.0018022764
NACA-4412,2.1,13.5,,,-0.0017942323
NACA-4412,2.1,14,,,-0.0017861882
NACA-4412,2.1,14.5,,,-0.0017781441
NACA-4412,2.1,15,,,-0.0017701
NACA-4412,2.1,15.5,,,-0.0017675713
NACA-4412,2.1,16,,,-0.0017650425
NACA-4412,2.1,16.5,,,-0.0017625138
NACA-4412,2.1,17,,,-0.001759985
NACA-4412,2.1,17.5,,,-0.0017574563
NACA-4412,2.1,18,,,-0.0017549275
NACA-4412,2.1,18.5,,,-0.0017523988
NACA-4412,2.1,19,,,-0.00174987
NACA-4412,2.1,19.5,,,-0.0017473413
NACA-4412,2.1,20,,,-0.0017448125
NACA-4412,2.9,6,-0.0951894,-0.001903788,
NACA-4412,2.9,6.5,-0.01269192,-0.001903788,
NACA-4412,2.9,7,0.06980556,-0.001903788,
NACA-4412,2.9,7.5,0.15230304,-0.001903788,
NACA-4412,2.9,8,0.1110543,-0.002855682,
NACA-4412,2.9,8.5,0.06980556,-0.003807576,
NACA-4412,2.9,9,0.02855682,-0.00475947,
NACA-4412,2.9,9.5,-0.01269192,-0.005711364,
NACA-4412,2.9,10,-0.05394066,-0.006663258,
NACA-4412,2.9,10.5,-0.0951894,-0.007615152,
NACA-4412,2.9,11,-0.00951894,-0.007615152,
NACA-4412,2.9,11.5,0.07615152,-0.007615152,
NACA-4412,2.9,12,0.16182198,-0.007615152,
NACA-4412,2.9,12.5,0.24749244,-0.007615152,
NACA-4412,2.9,13,0.21417615,-0.007615152,
NACA-4412,2.9,13.5,0.18085986,-0.007615152,
NACA-4412,2.9,14,0.14754357,-0.007615152,
NACA-4412,2.9,14.5,0.11422728,-0.007615152,
NACA-4412,2.9,15,0.1427841,-0.008884344,
NACA-4412,2.9,15.5,0.17134092,-0.010153536,
NACA-4412,2.9,16,0.19989774,-0.011422728,
NACA-4412,2.9,16.5,0.22845456,-0.01269192,
NACA-4412,2.9,17,0.25701138,-0.013961112,
NACA-4412,2.9,17.5,0.2855682,-0.015230304,
NACA-4412,3.6,-15,,,-0.0026306125
NACA-4412,3.6,-14.5,,,-0.0026329612
NACA-4412,3.6,-14,,,-0.00263531
NACA-4412,3.6,-13.5,,,-0.0026376587
NACA-4412,3.6,-13,,,-0.0026400075
NACA-4412,3.6,-12.5,,,-0.0026423563
NACA-4412,3.6,-12,,,-0.002644705
NACA-4412,3.6,-11.5,,,-0.0026470537
NACA-4412,3.6,-11,,,-0.0026494025
NACA-4412,3.6,-10.5,,,-0.0026517512
NACA-4412,3.6,-10,,,-0.0026541
NACA-4412,3.6,-9.5,,,-0.0026532062
NACA-4412,3.6,-9,,,-0.0026523125
NACA-4412,3.6,-8.5,,,-0.0026514188
NACA-4412,3.6,-8,,,-0.002650525
NACA-4412,3.6,-7.5,,,-0.0026496313
NACA-4412,3.6,-7,,,-0.0026487375
NACA-4412,3.6,-6.5,,,-0.0026478438
NACA-4412,3.6,-6,,,-0.00264695
NACA-4412,3.6,-5.5,,,-0.0026460563
NACA-4412,3.6,-5,,,-0.0026451625
NACA-4412,3.6,-4.5,,,-0.0026377513
NACA-4412,3.6,-4,,,-0.00263034
NACA-4412,3.6,-3.5,,,-0.0026229288
NACA-4412,3.6,-3,,,-0.0026155175
NACA-4412,3.6,-2.5,,,-0.0026081063
NACA-4412,3.6,-2,,,-0.002600695
NACA-4412,3.6,-1.5,,,-0.0025932838
NACA-4412,3.6,-1,,,-0.0025858725
NACA-4412,3.6,-0.5,,,-0.0025784613
NACA-4412,3.6,0,,,-0.00257105
NACA-4412,3.6,0.5,,,-0.0025794375
NACA-4412,3.6,1,,,-0.002587825
NACA-4412,3.6,1.5,,,-0.0025962125
NACA-4412,3.6,2,,,-0.0026046
NACA-4412,3.6,2.5,,,-0.0026129875
NACA-4412,3.6,3,,,-0.002621375
NACA-4412,3.6,3.5,,,-0.0026306424
NACA-4412,3.6,4,,,-0.0026399097
NACA-4412,3.6,4.5,,,-0.0026491771
NACA-4412,3.6,5,,,-0.0026584444
NACA-4412,3.6,5.5,,,-0.0026677118
NACA-4412,3.6,6,,,-0.0026769792
NACA-4412,3.6,6.5,,,-0.0026672285
NACA-4412,3.6,7,,,-0.0026574778
NACA-4412,3.6,7.5,,,-0.0026477271
NACA-4412,3.6,8,,,-0.0026379764
NACA-4412,3.6,8.5,,,-0.0026282257
NACA-4412,3.6,9,,,-0.002618475
NACA-4412,3.6,9.5,,,-0.0026489875
NACA-4412,3.6,10,,,-0.0026795
NACA-4412,3.6,10.5,,,-0.0027100125
NACA-4412,3.6,11,,,-0.002740525
NACA-4412,3.6,11.5,,,-0.0027710375
NACA-4412,3.6,12,,,-0.00280155
NACA-4412,3.6,12.5,,,-0.0027754812
NACA-4412,3.6,13,,,-0.0027494125
NACA-4412,3.6,13.5,,,-0.0027233438
NACA-4412,3.6,14,,,-0.002697275
NACA-4412,3.6,14.5,,,-0.0026712062
NACA-4412,3.6,15,,,-0.0026451375
NACA-4412,3.6,15.5,,,-0.0026460188
NACA-4412,3.6,16,,,-0.0026469
NACA-4412,3.6,16.5,,,-0.0026477812
NACA-4412,3.6,17,,,-0.0026486625
NACA-4412,3.6,17.5,,,-0.0026495437
NACA-4412,3.6,18,,,-0.002650425
NACA-4412,3.6,18.5,,,-0.0026513062
NACA-4412,3.6,19,,,-0.0026521875
NACA-4412,3.6,19.5,,,-0.0026530687
NACA-4412,3.6,20,,,-0.00265395
NACA-4412,5.2,-15,,,-0.0039701771
NACA-4412,5.2,-14.5,,,-0.0039532631
NACA-4412,5.2,-14,,,-0.0039363492
NACA-4412,5.2,-13.5,,,-0.0039194352
NACA-4412,5.2,-13,,,-0.0039025212
NACA-4412,5.2,-12.5,,,-0.0038856073
NACA-4412,5.2,-12,,,-0.0038686933
NACA-4412,5.2,-11.5,,,-0.0038517794
NACA-4412,5.2,-11,,,-0.0038348654
NACA-4412,5.2,-10.5,,,-0.0038179515
NACA-4412,5.2,-10,,,-0.0038010375
NACA-4412,5.2,-9.5,,,-0.0038065629
NACA-4412,5.2,-9,,,-0.0038120883
NACA-4412,5.2,-8.5,,,-0.0038176137
NACA-4412,5.2,-8,,,-0.0038231392
NACA-4412,5.2,-7.5,,,-0.0038286646
NACA-4412,5.2,-7,,,-0.00383419
NACA-4412,5.2,-6.5,,,-0.0038397154
NACA-4412,5.2,-6,,,-0.0038452408
NACA-4412,5.2,-5.5,,,-0.0038507662
NACA-4412,5.2,-5,,,-0.0038562917
NACA-4412,5.2,-4.5,,,-0.0038555112
NACA-4412,5.2,-4,,,-0.0038547308
NACA-4412,5.2,-3.5,,,-0.0038539504
NACA-4412,5.2,-3,,,-0.00385317
NACA-4412,5.2,-2.5,,,-0.0038523896
NACA-4412,5.2,-2,,,-0.0038516092
NACA-4412,5.2,-1.5,,,-0.0038508287
NACA-4412,5.2,-1,,,-0.0038500483
NACA-4412,5.2,-0.5,,,-0.0038492679
NACA-4412,5.2,0,,,-0.0038484875
NACA-4412,5.2,0.5,,,-0.0038369063
NACA-4412,5.2,1,,,-0.003825325
NACA-4412,5.2,1.5,,,-0.0038137438
NACA-4412,5.2,2,,,-0.0038021625
NACA-4412,5.2,2.5,,,-0.0037905812
NACA-4412,5.2,3,,,-0.003779
NACA-4412,5.2,3.5,,,-0.0037961833
NACA-4412,5.2,4,,,-0.0038133667
NACA-4412,5.2,4.5,,,-0.00383055
NACA-4412,5.2,5,,,-0.0038477333
NACA-4412,5.2,5.5,,,-0.0038649167
NACA-4412,5.2,6,,,-0.0038821
NACA-4412,5.2,6.5,,,-0.0039124688
NACA-4412,5.2,7,,,-0.0039428375
NACA-4412,5.2,7.5,,,-0.0039732062
NACA-4412,5.2,8,,,-0.004003575
NACA-4412,5.2,8.5,,,-0.0040339438
NACA-4412,5.2,9,,,-0.0040643125
NACA-4412,5.2,9.5,,,-0.0041189965
NACA-4412,5.2,10,,,-0.0041736806
NACA-4412,5.2,10.5,,,-0.0042283646
NACA-4412,5.2,11,,,-0.0042830486
NACA-4412,5.2,11.5,,,-0.0043377326
NACA-4412,5.2,12,,,-0.0043924167
NACA-4412,5.2,12.5,,,-0.0043074931
NACA-4412,5.2,13,,,-0.0042225694
NACA-4412,5.2,13.5,,,-0.0041376458
NACA-4412,5.2,14,,,-0.0040527222
NACA-4412,5.2,14.5,,,-0.0039677986
NACA-4412,5.2,15,,,-0.003882875
NACA-4412,5.2,15.5,,,-0.0038689613
NACA-4412,5.2,16,,,-0.0038550475
NACA-4412,5.2,16.5,,,-0.0038411338
NACA-4412,5.2,17,,,-0.00382722
NACA-4412,5.2,17.5,,,-0.0038133063
NACA-4412,5.2,18,,,-0.0037993925
NACA-4412,5.2,18.5,,,-0.0037854788
NACA-4412,5.2,19,,,-0.003771565
NACA-4412,5.2,19.5,,,-0.0037576513
NACA-4412,5.2,20,,,-0.0037437375
NACA-4412,5.9,0,0,-0.0027596996,
NACA-4412,5.9,0.5,0.014718398,-0.0030356696,
NACA-4412,5.9,1,0.029436796,-0.0033116395,
NACA-4412,5.9,1.5,0.044155193,-0.0035876095,
NACA-4412,5.9,2,0.058873591,-0.0038635794,
NACA-4412,5.9,2.5,0.073591989,-0.0041395494,
NACA-4412,5.9,3,0.066364205,-0.0046652065,
NACA-4412,5.9,3.5,0.05913642,-0.0051908635,
NACA-4412,5.9,4,0.051908635,-0.0057165206,
NACA-4412,5.9,4.5,0.044680851,-0.0062421777,
NACA-4412,5.9,5,0.037453066,-0.0067678347,
NACA-4412,5.9,5.5,0.030225281,-0.0072934918,
NACA-4412,5.9,6,0.022997497,-0.0078191488,
NACA-4412,5.9,6.5,0.044461827,-0.0079724655,
NACA-4412,5.9,7,0.065926157,-0.0081257821,
NACA-4412,5.9,7.5,0.087390487,-0.0082790988,
NACA-4412,5.9,8,0.076658322,-0.0095056319,
NACA-4412,5.9,8.5,0.065926157,-0.010732165,
NACA-4412,5.9,9,0.055193992,-0.011958698,
NACA-4412,5.9,9.5,0.044461827,-0.013185231,
NACA-4412,5.9,10,0.033729662,-0.014411765,
NACA-4412,5.9,10.5,0.022997497,-0.015638298,
NACA-4412,5.9,11,0.045994993,-0.016673185,
NACA-4412,5.9,11.5,0.06899249,-0.017708072,
NACA-4412,5.9,12,0.091989986,-0.01874296,
NACA-4412,5.9,12.5,0.11498748,-0.019777847,
NACA-4412,5.9,13,0.10693836,-0.020237797,
NACA-4412,5.9,13.5,0.098889235,-0.020697747,
NACA-4412,5.9,14,0.090840112,-0.021157697,
NACA-4412,5.9,14.5,0.082790988,-0.021617647,
NACA-4412,5.9,15,0.089690237,-0.022307572,
NACA-4412,5.9,15.5,0.096589486,-0.022997497,
NACA-4412,5.9,16,0.10348873,-0.023687422,
NACA-4412,5.9,16.5,0.11038798,-0.024377346,
NACA-4412,5.9,17,0.11728723,-0.025067271,
NACA-4412,5.9,17.5,0.12418648,-0.025757196,
NACA-4412,6.7,-20,,,-0.0048193437
NACA-4412,6.7,-19.5,,,-0.0048508333
NACA-4412,6.7,-19,,,-0.0048823228
NACA-4412,6.7,-18.5,,,-0.0049138123
NACA-4412,6.7,-18,,,-0.0049453018
NACA-4412,6.7,-17.5,,,-0.0049767914
NACA-4412,6.7,-17,,,-0.0050082809
NACA-4412,6.7,-16.5,,,-0.0050397704
NACA-4412,6.7,-16,,,-0.0050712599
NACA-4412,6.7,-15.5,,,-0.0051027494
NACA-4412,6.7,-15,,,-0.005134239
NACA-4412,6.7,-14.5,,,-0.0050609042
NACA-4412,6.7,-14,,,-0.0049875695
NACA-4412,6.7,-13.5,,,-0.0049142347
NACA-4412,6.7,-13,,,-0.0048409
NACA-4412,6.7,-12.5,,,-0.004845075
NACA-4412,6.7,-12,,,-0.00484925
NACA-4412,6.7,-11.5,,,-0.004853425
NACA-4412,6.7,-11,,,-0.0048576
NACA-4412,6.7,-10.5,,,-0.0051533563
NACA-4412,6.7,-10,,,-0.0054491125
NACA-4412,6.7,-9.5,,,-0.005287125
NACA-4412,6.7,-9,,,-0.0051251375
NACA-4412,6.7,-8.5,,,-0.00496315
NACA-4412,6.7,-8,,,-0.0048011625
NACA-4412,6.7,-7.5,,,-0.0048349719
NACA-4412,6.7,-7,,,-0.0048687812
NACA-4412,6.7,-6.5,,,-0.0049417965
NACA-4412,6.7,-6,,,-0.0050148117
NACA-4412,6.7,-5.5,,,-0.0050878269
NACA-4412,6.7,-5,,,-0.0051608421
NACA-4412,6.7,-4.5,,,-0.0051295808
NACA-4412,6.7,-4,,,-0.0050983195
NACA-4412,6.7,-3.5,,,-0.0050670582
NACA-4412,6.7,-3,,,-0.0050357969
NACA-4412,6.7,-2.5,,,-0.0050045356
NACA-4412,6.7,-2,,,-0.0049732743
NACA-4412,6.7,-1.5,,,-0.004942013
NACA-4412,6.7,-1,,,-0.0049107518
NACA-4412,6.7,-0.5,,,-0.0048794905
NACA-4412,6.7,0,,,-0.0048482292
NACA-4412,6.7,0.5,,,-0.0049083993
NACA-4412,6.7,1,,,-0.0049685694
NACA-4412,6.7,1.5,,,-0.0050287396
NACA-4412,6.7,2,,,-0.0050889097
NACA-4412,6.7,2.5,,,-0.0051490799
NACA-4412,6.7,3,,,-0.00520925
NACA-4412,6.7,3.5,,,-0.005097925
NACA-4412,6.7,4,,,-0.0049866
NACA-4412,6.7,4.5,,,-0.004875275
NACA-4412,6.7,5,,,-0.00476395
NACA-4412,6.7,5.5,,,-0.0051252719
NACA-4412,6.7,6,,,-0.0054865938
NACA-4412,6.7,6.5,,,-0.0053002094
NACA-4412,6.7,7,,,-0.005113825
NACA-4412,6.7,7.5,,,-0.005144875
NACA-4412,6.7,8,,,-0.005175925
NACA-4412,6.7,8.5,,,-0.0053269
NACA-4412,6.7,9,,,-0.005477875
NACA-4412,6.7,9.5,,,-0.0055266562
NACA-4412,6.7,10,,,-0.0055754375
NACA-4412,6.7,10.5,,,-0.0055927375
NACA-4412,6.7,11,,,-0.0056100375
NACA-4412,6.7,11.5,,,-0.0055812043
NACA-4412,6.7,12,,,-0.0055523711
NACA-4412,6.7,12.5,,,-0.0055697168
NACA-4412,6.7,13,,,-0.0055870625
NACA-4412,6.7,13.5,,,-0.0057119375
NACA-4412,6.7,14,,,-0.0058368125
NACA-4412,6.7,14.5,,,-0.0057293663
NACA-4412,6.7,15,,,-0.0056219201
NACA-4412,6.7,15.5,,,-0.0056744226
NACA-4412,6.7,16,,,-0.005726925
NACA-4412,6.7,16.5,,,-0.0056823875
NACA-4412,6.7,17,,,-0.00563785
NACA-4412,6.7,17.5,,,-0.005550925
NACA-4412,6.7,18,,,-0.005464
NACA-4412,6.7,18.5,,,-0.0054105062
NACA-4412,6.7,19,,,-0.0053570125
NACA-4412,6.7,19.5,,,-0.0053604547
NACA-4412,6.7,20,,,-0.0053638969
NACA-4412,8.2,-15,,,-0.0077317188
NACA-4412,8.2,-14.5,,,-0.0077068781
NACA-4412,8.2,-14,,,-0.0076820375
NACA-4412,8.2,-13.5,,,-0.0076571969
NACA-4412,8.2,-13,,,-0.0076323563
NACA-4412,8.2,-12.5,,,-0.0076075156
NACA-4412,8.2,-12,,,-0.007582675
NACA-4412,8.2,-11.5,,,-0.0075578344
NACA-4412,8.2,-11,,,-0.0075329938
NACA-4412,8.2,-10.5,,,-0.0075081531
NACA-4412,8.2,-10,,,-0.0074833125
NACA-4412,8.2,-9.5,,,-0.00748284
NACA-4412,8.2,-9,,,-0.0074823675
NACA-4412,8.2,-8.5,,,-0.007481895
NACA-4412,8.2,-8,,,-0.0074814225
NACA-4412,8.2,-7.5,,,-0.00748095
NACA-4412,8.2,-7,,,-0.0074804775
NACA-4412,8.2,-6.5,,,-0.007480005
NACA-4412,8.2,-6,,,-0.0074795325
NACA-4412,8.2,-5.5,,,-0.00747906
NACA-4412,8.2,-5,,,-0.0074785875
NACA-4412,8.2,-4.5,,,-0.0074543183
NACA-4412,8.2,-4,,,-0.0074300492
NACA-4412,8.2,-3.5,,,-0.00740578
NACA-4412,8.2,-3,,,-0.0073815108
NACA-4412,8.2,-2.5,,,-0.0073572417
NACA-4412,8.2,-2,,,-0.0073329725
NACA-4412,8.2,-1.5,,,-0.0073087033
NACA-4412,8.2,-1,,,-0.0072844342
NACA-4412,8.2,-0.5,,,-0.007260165
NACA-4412,8.2,0,,,-0.0072358958
NACA-4412,8.2,0.5,,,-0.0072460944
NACA-4412,8.2,1,,,-0.0072562931
NACA-4412,8.2,1.5,,,-0.0072664917
NACA-4412,8.2,2,,,-0.0072766903
NACA-4412,8.2,2.5,,,-0.0072868889
NACA-4412,8.2,3,,,-0.0072970875
NACA-4412,8.2,3.5,,,-0.007365808
NACA-4412,8.2,4,,,-0.0074345286
NACA-4412,8.2,4.5,,,-0.0075032491
NACA-4412,8.2,5,,,-0.0075719696
NACA-4412,8.2,5.5,,,-0.0076406902
NACA-4412,8.2,6,,,-0.0077094107
NACA-4412,8.2,6.5,,,-0.00782537
NACA-4412,8.2,7,,,-0.0079413294
NACA-4412,8.2,7.5,,,-0.0080572887
NACA-4412,8.2,8,,,-0.008173248
NACA-4412,8.2,8.5,,,-0.0082892073
NACA-4412,8.2,9,,,-0.0084051667
NACA-4412,8.2,9.5,,,-0.0084652264
NACA-4412,8.2,10,,,-0.0085252861
NACA-4412,8.2,10.5,,,-0.0085853458
NACA-4412,8.2,11,,,-0.0086454056
NACA-4412,8.2,11.5,,,-0.0087054653
NACA-4412,8.2,12,,,-0.008765525
NACA-4412,8.2,12.5,,,-0.0088660667
NACA-4412,8.2,13,,,-0.0089666083
NACA-4412,8.2,13.5,,,-0.00906715
NACA-4412,8.2,14,,,-0.0091676917
NACA-4412,8.2,14.5,,,-0.0092682333
NACA-4412,8.2,15,,,-0.009368775
NACA-4412,8.2,15.5,,,-0.0091416939
NACA-4412,8.2,16,,,-0.0089146129
NACA-4412,8.2,16.5,,,-0.0086875318
NACA-4412,8.2,17,,,-0.0084604507
NACA-4412,8.2,17.5,,,-0.0082333696
NACA-4412,8.2,18,,,-0.0080062886
NACA-4412,8.2,18.5,,,-0.0077792075
NACA-4412,8.2,19,,,-0.0075521264
NACA-4412,8.2,19.5,,,-0.0073250454
NACA-4412,8.2,20,,,-0.0070979643
NACA-4412,8.9,0,0.040426353,-0.00020213177,
NACA-4412,8.9,0.5,0.051745732,-0.00080852706,
NACA-4412,8.9,1,0.063065111,-0.0014149224,
NACA-4412,8.9,1.5,0.07438449,-0.0020213177,
NACA-4412,8.9,2,0.085703869,-0.002627713,
NACA-4412,8.9,2.5,0.097023247,-0.0032341082,
NACA-4412,8.9,3,0.095579449,-0.0033496121,
NACA-4412,8.9,3.5,0.094135651,-0.003465116,
NACA-4412,8.9,4,0.092691852,-0.0035806198,
NACA-4412,8.9,4.5,0.091248054,-0.0036961237,
NACA-4412,8.9,5,0.089804256,-0.0038116276,
NACA-4412,8.9,5.5,0.088360457,-0.0039271314,
NACA-4412,8.9,6,0.086916659,-0.0040426353,
NACA-4412,8.9,6.5,0.099044565,-0.003705749,
NACA-4412,8.9,7,0.11117247,-0.0033688628,
NACA-4412,8.9,7.5,0.12330038,-0.0030319765,
NACA-4412,8.9,8,0.11555199,-0.0052217373,
NACA-4412,8.9,8.5,0.10780361,-0.0074114981,
NACA-4412,8.9,9,0.10005522,-0.0096012589,
NACA-4412,8.9,9.5,0.09230684,-0.01179102,
NACA-4412,8.9,10,0.084558455,-0.01398078,
NACA-4412,8.9,10.5,0.076810071,-0.016170541,
NACA-4412,8.9,11,0.080852706,-0.0171812,
NACA-4412,8.9,11.5,0.084895341,-0.018191859,
NACA-4412,8.9,12,0.088937977,-0.019202518,
NACA-4412,8.9,12.5,0.092980612,-0.020213177,
NACA-4412,8.9,13,0.089948636,-0.020870105,
NACA-4412,8.9,13.5,0.086916659,-0.021527033,
NACA-4412,8.9,14,0.083884683,-0.022183961,
NACA-4412,8.9,14.5,0.080852706,-0.022840889,
NACA-4412,8.9,15,0.08321091,-0.023548351,
NACA-4412,8.9,15.5,0.085569114,-0.024255812,
NACA-4412,8.9,16,0.087927318,-0.024963273,
NACA-4412,8.9,16.5,0.090285522,-0.025670734,
NACA-4412,8.9,17,0.092643726,-0.026378195,
NACA-4412,8.9,17.5,0.09500193,-0.027085657,
NACA-4412,9.7,-15,,,-0.010041911
NACA-4412,9.7,-14.5,,,-0.010016855
NACA-4412,9.7,-14,,,-0.0099917986
NACA-4412,9.7,-13.5,,,-0.0099667425
NACA-4412,9.7,-13,,,-0.0099416864
NACA-4412,9.7,-12.5,,,-0.0099166304
NACA-4412,9.7,-12,,,-0.0098915743
NACA-4412,9.7,-11.5,,,-0.0098665182
NACA-4412,9.7,-11,,,-0.0098414621
NACA-4412,9.7,-10.5,,,-0.0098164061
NACA-4412,9.7,-10,,,-0.00979135
NACA-4412,9.7,-9.5,,,-0.0098081675
NACA-4412,9.7,-9,,,-0.009824985
NACA-4412,9.7,-8.5,,,-0.0098418025
NACA-4412,9.7,-8,,,-0.00985862
NACA-4412,9.7,-7.5,,,-0.0098754375
NACA-4412,9.7,-7,,,-0.009892255
NACA-4412,9.7,-6.5,,,-0.0099090725
NACA-4412,9.7,-6,,,-0.00992589
NACA-4412,9.7,-5.5,,,-0.0099427075
NACA-4412,9.7,-5,,,-0.009959525
NACA-4412,9.7,-4.5,,,-0.0099116787
NACA-4412,9.7,-4,,,-0.0098638325
NACA-4412,9.7,-3.5,,,-0.0098159863
NACA-4412,9.7,-3,,,-0.00976814
NACA-4412,9.7,-2.5,,,-0.0097202938
NACA-4412,9.7,-2,,,-0.0096724475
NACA-4412,9.7,-1.5,,,-0.0096246012
NACA-4412,9.7,-1,,,-0.009576755
NACA-4412,9.7,-0.5,,,-0.0095289088
NACA-4412,9.7,0,,,-0.0094810625
NACA-4412,9.7,0.5,,,-0.0095066615
NACA-4412,9.7,1,,,-0.0095322604
NACA-4412,9.7,1.5,,,-0.0095578594
NACA-4412,9.7,2,,,-0.0095834583
NACA-4412,9.7,2.5,,,-0.0096090573
NACA-4412,9.7,3,,,-0.0096346562
NACA-4412,9.7,3.5,,,-0.0097030698
NACA-4412,9.7,4,,,-0.0097714833
NACA-4412,9.7,4.5,,,-0.0098398969
NACA-4412,9.7,5,,,-0.0099083104
NACA-4412,9.7,5.5,,,-0.009976724
NACA-4412,9.7,6,,,-0.010045137
NACA-4412,9.7,6.5,,,-0.010199685
NACA-4412,9.7,7,,,-0.010354233
NACA-4412,9.7,7.5,,,-0.010508781
NACA-4412,9.7,8,,,-0.010663329
NACA-4412,9.7,8.5,,,-0.010817877
NACA-4412,9.7,9,,,-0.010972425
NACA-4412,9.7,9.5,,,-0.011115937
NACA-4412,9.7,10,,,-0.01125945
NACA-4412,9.7,10.5,,,-0.011402962
NACA-4412,9.7,11,,,-0.011546475
NACA-4412,9.7,11.5,,,-0.011689987
NACA-4412,9.7,12,,,-0.0118335
NACA-4412,9.7,12.5,,,-0.011396031
NACA-4412,9.7,13,,,-0.010958562
NACA-4412,9.7,13.5,,,-0.010521094
NACA-4412,9.7,14,,,-0.010083625
NACA-4412,9.7,14.5,,,-0.0096461562
NACA-4412,9.7,15,,,-0.0092086875
NACA-4412,9.7,15.5,,,-0.0092216268
NACA-4412,9.7,16,,,-0.0092345661
NACA-4412,9.7,16.5,,,-0.0092475054
NACA-4412,9.7,17,,,-0.0092604446
NACA-4412,9.7,17.5,,,-0.0092733839
NACA-4412,9.7,18,,,-0.0092863232
NACA-4412,9.7,18.5,,,-0.0092992625
NACA-4412,9.7,19,,,-0.0093122018
NACA-4412,9.7,19.5,,,-0.0093251411
NACA-4412,9.7,20,,,-0.0093380804
NACA-4412,11.2,-15,,,-0.012810513
NACA-4412,11.2,-14.5,,,-0.012793108
NACA-4412,11.2,-14,,,-0.012775703
NACA-4412,11.2,-13.5,,,-0.012758298
NACA-4412,11.2,-13,,,-0.012740893
NACA-4412,11.2,-12.5,,,-0.012723488
NACA-4412,11.2,-12,,,-0.012706084
NACA-4412,11.2,-11.5,,,-0.012688679
NACA-4412,11.2,-11,,,-0.012671274
NACA-4412,11.2,-10.5,,,-0.012653869
NACA-4412,11.2,-10,,,-0.012636464
NACA-4412,11.2,-9.5,,,-0.012644724
NACA-4412,11.2,-9,,,-0.012652984
NACA-4412,11.2,-8.5,,,-0.012661244
NACA-4412,11.2,-8,,,-0.012669504
NACA-4412,11.2,-7.5,,,-0.012677763
NACA-4412,11.2,-7,,,-0.012686023
NACA-4412,11.2,-6.5,,,-0.012694283
NACA-4412,11.2,-6,,,-0.012702543
NACA-4412,11.2,-5.5,,,-0.012710803
NACA-4412,11.2,-5,,,-0.012719063
NACA-4412,11.2,-4.5,,,-0.012635848
NACA-4412,11.2,-4,,,-0.012552633
NACA-4412,11.2,-3.5,,,-0.012469418
NACA-4412,11.2,-3,,,-0.012386203
NACA-4412,11.2,-2.5,,,-0.012302988
NACA-4412,11.2,-2,,,-0.012219773
NACA-4412,11.2,-1.5,,,-0.012136558
NACA-4412,11.2,-1,,,-0.012053343
NACA-4412,11.2,-0.5,,,-0.011970128
NACA-4412,11.2,0,,,-0.011886913
NACA-4412,11.2,0.5,,,-0.011947719
NACA-4412,11.2,1,,,-0.012008525
NACA-4412,11.2,1.5,,,-0.012069331
NACA-4412,11.2,2,,,-0.012130138
NACA-4412,11.2,2.5,,,-0.012190944
NACA-4412,11.2,3,,,-0.01225175
NACA-4412,11.2,3.5,,,-0.012385298
NACA-4412,11.2,4,,,-0.012518845
NACA-4412,11.2,4.5,,,-0.012652393
NACA-4412,11.2,5,,,-0.01278594
NACA-4412,11.2,5.5,,,-0.012919488
NACA-4412,11.2,6,,,-0.013053036
NACA-4412,11.2,6.5,,,-0.013243052
NACA-4412,11.2,7,,,-0.013433068
NACA-4412,11.2,7.5,,,-0.013623084
NACA-4412,11.2,8,,,-0.0138131
NACA-4412,11.2,8.5,,,-0.014003117
NACA-4412,11.2,9,,,-0.014193133
NACA-4412,11.2,9.5,,,-0.014353038
NACA-4412,11.2,10,,,-0.014512943
NACA-4412,11.2,10.5,,,-0.014672848
NACA-4412,11.2,11,,,-0.014832753
NACA-4412,11.2,11.5,,,-0.014992658
NACA-4412,11.2,12,,,-0.015152563
NACA-4412,11.2,12.5,,,-0.015067672
NACA-4412,11.2,13,,,-0.014982781
NACA-4412,11.2,13.5,,,-0.014897891
NACA-4412,11.2,14,,,-0.014813
NACA-4412,11.2,14.5,,,-0.014728109
NACA-4412,11.2,15,,,-0.014643219
NACA-4412,11.2,15.5,,,-0.014359806
NACA-4412,11.2,16,,,-0.014076394
NACA-4412,11.2,16.5,,,-0.013792981
NACA-4412,11.2,17,,,-0.013509569
NACA-4412,11.2,17.5,,,-0.013226156
NACA-4412,11.2,18,,,-0.012942744
NACA-4412,11.2,18.5,,,-0.012659331
NACA-4412,11.2,19,,,-0.012375919
NACA-4412,11.2,19.5,,,-0.012092506
NACA-4412,11.2,20,,,-0.011809094
NACA-4412,12,-20,,,-0.012147325
NACA-4412,12,-19.5,,,-0.012241735
NACA-4412,12,-19,,,-0.012336144
NACA-4412,12,-18.5,,,-0.012430554
NACA-4412,12,-18,,,-0.012524964
NACA-4412,12,-17.5,,,-0.012619373
NACA-4412,12,-17,,,-0.012713783
NACA-4412,12,-16.5,,,-0.012808193
NACA-4412,12,-16,,,-0.012902603
NACA-4412,12,-15.5,,,-0.012997012
NACA-4412,12,-15,,,-0.013091422
NACA-4412,12,-14.5,,,-0.013062324
NACA-4412,12,-14,,,-0.013033227
NACA-4412,12,-13.5,,,-0.013004129
NACA-4412,12,-13,,,-0.012975031
NACA-4412,12,-12.5,,,-0.012945934
NACA-4412,12,-12,,,-0.012916836
NACA-4412,12,-11.5,,,-0.012887739
NACA-4412,12,-11,,,-0.012858641
NACA-4412,12,-10.5,,,-0.012829543
NACA-4412,12,-10,,,-0.012800446
NACA-4412,12,-9.5,,,-0.012830647
NACA-4412,12,-9,,,-0.012860849
NACA-4412,12,-8.5,,,-0.01289105
NACA-4412,12,-8,,,-0.012921251
NACA-4412,12,-7.5,,,-0.012951453
NACA-4412,12,-7,,,-0.012981654
NACA-4412,12,-6.5,,,-0.013011855
NACA-4412,12,-6,,,-0.013042057
NACA-4412,12,-5.5,,,-0.013072258
NACA-4412,12,-5,,,-0.013102459
NACA-4412,12,-4.5,,,-0.012989069
NACA-4412,12,-4,,,-0.012875679
NACA-4412,12,-3.5,,,-0.012762288
NACA-4412,12,-3,,,-0.012648898
NACA-4412,12,-2.5,,,-0.012535507
NACA-4412,12,-2,,,-0.012422117
NACA-4412,12,-1.5,,,-0.012308726
NACA-4412,12,-1,,,-0.012195336
NACA-4412,12,-0.5,,,-0.012081946
NACA-4412,12,0,0.048922063,-0.0018901706,-0.011968555
NACA-4412,12,0.5,,,-0.011733903
NACA-4412,12,1,,,-0.01149925
NACA-4412,12,1.5,,,-0.011508281
NACA-4412,12,2,,,-0.011517312
NACA-4412,12,2.5,0.092284802,-0.0023349167,
NACA-4412,12,3,,,-0.0124015
NACA-4412,12,3.5,,,-0.012273119
NACA-4412,12,4,,,-0.012144737
NACA-4412,12,4.5,,,-0.012162937
NACA-4412,12,5,,,-0.012181137
NACA-4412,12,5.5,,,-0.012768008
NACA-4412,12,6,0.095620397,-0.0028908492,-0.013354878
NACA-4412,12,6.5,,,-0.013213245
NACA-4412,12,7,,,-0.013071612
NACA-4412,12,7.5,0.11563397,-0.0033355952,
NACA-4412,12,8,,,-0.013514927
NACA-4412,12,8.5,,,-0.014040782
NACA-4412,12,9,,,-0.014566636
NACA-4412,12,9.5,,,-0.014524881
NACA-4412,12,10,,,-0.014483125
NACA-4412,12,10.5,0.077830556,-0.0041139008,
NACA-4412,12,11,,,-0.014718146
NACA-4412,12,11.5,,,-0.015067889
NACA-4412,12,12,,,-0.015417632
NACA-4412,12,12.5,0.090061071,-0.02068069,
NACA-4412,12,13,,,-0.015060232
NACA-4412,12,13.5,,,-0.015153054
NACA-4412,12,14,,,-0.015245875
NACA-4412,12,14.5,0.078942421,-0.022348488,
NACA-4412,12,15,,,-0.014755458
NACA-4412,12,15.5,,,-0.014105642
NACA-4412,12,16,,,-0.013455825
NACA-4412,12,16.5,,,-0.012499621
NACA-4412,12,17,,,-0.011543417
NACA-4412,12,17.5,0.083389881,-0.027351881,
NACA-4412,12,18,,,-0.013664052
NACA-4412,12,18.5,,,-0.014252239
NACA-4412,12,19,,,-0.014840425
NACA-4412,12,19.5,,,-0.01344132
NACA-4412,12,20,,,-0.012042214
NACA-4412,13.5,14.5,0.079944472,-0.022929129,
NACA-4412,15,0,0.053369524,-0.0017789841,
NACA-4412,15,0.5,0.060770098,-0.0019639985,
NACA-4412,15,1,0.068170672,-0.0021490128,
NACA-4412,15,1.5,0.075571246,-0.0023340272,
NACA-4412,15,2,0.08297182,-0.0025190415,
NACA-4412,15,2.5,0.090372394,-0.0027040559,
NACA-4412,15,3,0.091795581,-0.0027447184,
NACA-4412,15,3.5,0.093218768,-0.0027853809,
NACA-4412,15,4,0.094641956,-0.0028260434,
NACA-4412,15,4.5,0.096065143,-0.0028667059,
NACA-4412,15,5,0.09748833,-0.0029073683,
NACA-4412,15,5.5,0.098911517,-0.0029480308,
NACA-4412,15,6,0.1003347,-0.0029886933,
NACA-4412,15,6.5,0.10507866,-0.0031072923,
NACA-4412,15,7,0.10982262,-0.0032258912,
NACA-4412,15,7.5,0.11456658,-0.0033444902,
NACA-4412,15,8,0.11338059,-0.003925625,
NACA-4412,15,8.5,0.1121946,-0.0045067598,
NACA-4412,15,9,0.11100861,-0.0050878946,
NACA-4412,15,9.5,0.10982262,-0.0056690294,
NACA-4412,15,10,0.10863663,-0.0062501642,
NACA-4412,15,10.5,0.10745064,-0.006831299,
NACA-4412,15,11,0.10318108,-0.010531586,
NACA-4412,15,11.5,0.098911517,-0.014231873,
NACA-4412,15,12,0.094641956,-0.01793216,
NACA-4412,15,12.5,0.090372394,-0.021632447,
NACA-4412,15,13,0.087881816,-0.022112773,
NACA-4412,15,13.5,0.085391238,-0.022593098,
NACA-4412,15,14,0.08290066,-0.023073424,
NACA-4412,15,14.5,0.080410083,-0.02355375,
NACA-4412,15,15,0.080172885,-0.024419522,
NACA-4412,15,15.5,0.079935687,-0.025285294,
NACA-4412,15,16,0.079698489,-0.026151067,
NACA-4412,15,16.5,0.079461291,-0.027016839,
NACA-4412,15,17,0.079224093,-0.027882611,
NACA-4412,15,17.5,0.078986895,-0.028748383,
NACA-4412,17.3,2.5,0.089338539,-0.0025143182,
NACA-4412,17.3,3,0.091906354,-0.0027015546,
NACA-4412,17.3,3.5,0.094474168,-0.0028887911,
NACA-4412,17.3,4,0.097041982,-0.0030760276,
NACA-4412,17.3,4.5,0.099609797,-0.003263264,
NACA-4412,17.3,5,0.10217761,-0.0034505005,
NACA-4412,17.3,5.5,0.10474543,-0.0036377369,
NACA-4412,17.3,6,0.10731324,-0.0038249734,
NACA-4412,17.3,6.5,0.10988105,-0.0040122098,
NACA-4412,17.3,7,0.11244887,-0.0041994463,
NACA-4412,17.3,7.5,0.11501668,-0.0043866828,
NACA-4412,18,14.5,0.078571799,-0.021891388,
